t_ms,raw_x,raw_y,phase
65148,-8355840,-8355840,rest
65156,-8224198,-2500326,rest
65164,-8355840,-8355840,rest
65172,-8355840,-8355840,rest
65180,-1250110,-8355840,rest
65188,-8355840,-8355840,rest
65196,-8158309,-2302779,rest
65204,-8355840,-8355840,rest
65212,-8355840,-8355840,rest
65220,-1052920,-8355840,rest
65228,-8355840,-8355840,rest
65236,-7895203,-2105412,rest
65244,-8355840,-8355840,rest
65252,-8355840,-8355840,rest
65260,-1052743,-8355840,rest
65268,-8355840,-8355840,rest
65276,-7632021,-1052925,rest
65284,-8355840,-8355840,rest
65292,-8355840,-8355840,rest
65300,-1315919,-8355840,rest
65308,-8355840,-8355840,rest
65316,-7302920,-1118504,rest
65324,-8355840,-8355840,rest
65332,-8355840,-8355840,rest
65340,-1842211,-8355840,rest
65348,-8355840,-8355840,rest
65356,-6710997,-1052730,rest
65364,-8355840,-8355840,rest
65372,-8355840,-8224065,rest
65380,-2105460,-8355840,rest
65388,-8355840,-8355840,rest
65397,-6447765,-1184442,rest
65405,-8355840,-8355840,rest
65413,-8355840,-8026756,rest
65421,-2631789,-8355840,rest
65429,-8355840,-8355840,rest
65437,-6184518,-1381642,rest
65445,-8355840,-8355840,rest
65453,-8355840,-7697751,rest
65461,-2829248,-8355840,rest
65469,-8355840,-8355840,rest
65477,-4079342,-1776547,rest
65485,-8355840,-8355840,rest
65493,-8355840,-7303105,rest
65501,-3421240,-8355840,rest
65509,-8355840,-8355840,rest
65517,-3421257,-2434331,rest
65525,-8355840,-8355840,rest
65533,-8355840,-6974074,rest
65541,-3947569,-8355840,rest
65549,-8355840,-8355840,rest
65557,-3026461,-2566041,rest
65565,-8355840,-8355840,rest
65573,-8355840,-6250276,rest
65581,-3881820,-8355840,rest
65589,-8355840,-8355840,rest
65597,-2368721,-2960702,rest
65605,-8355840,-8355840,rest
65613,-8355840,-5724131,rest
65621,-4605608,-8355840,rest
65629,-8355840,-8355840,rest
65637,-921304,-3421410,rest
65645,-8355840,-8355840,rest
65653,-8355840,-5197819,rest
65661,-4934606,-8355840,rest
65669,-8355840,-8355840,rest
65677,-921169,-3684532,rest
65686,-8355840,-8355840,rest
65693,-8355840,-2763349,rest
65701,-4934521,-8355840,rest
65710,-8355840,-8355840,rest
65718,-855331,-4013488,rest
65726,-8355840,-8355840,rest
65734,-8355840,-1579128,rest
65742,-5395186,-8355840,rest
65750,-8355840,-8355840,rest
65758,-789545,-4408319,rest
65766,-8355840,-8355840,rest
65774,-8355840,-1118679,rest
65782,-5921472,-8355840,rest
65790,-8355840,-8355840,rest
65798,-658045,-4539689,rest
65806,-8355840,-8355840,rest
65814,-8355840,-921156,rest
65822,-6118761,-8355840,rest
65830,-8355840,-8355840,rest
65838,-657942,-5066145,rest
65846,-8355840,-8355840,rest
65854,-8355839,-855469,rest
65862,-6645047,-8355840,rest
65870,-8355840,-8355840,rest
65878,-657957,-5789933,rest
65886,-8355840,-8355840,rest
65894,-8158378,-855323,rest
65902,-7171461,-8355840,rest
65910,-8355840,-8355840,rest
65918,-592238,-5855681,rest
65926,-8355840,-8355840,rest
65934,-7631929,-789636,rest
65942,-7434540,-8355840,rest
65950,-8355840,-8355840,rest
65958,-526432,-6316219,rest
65966,-8355840,-8355840,rest
65974,-7039925,-723808,rest
65982,-8355616,-8355840,rest
65990,-8355840,-8355840,rest
65999,-526452,-6645089,rest
66006,-8355840,-8355840,rest
66015,-6710797,-723810,rest
66023,-8355840,-8355840,rest
66031,-8355840,-8355791,rest
66039,-526450,-6974088,rest
66047,-8355840,-8355840,rest
66055,-6382051,-723793,rest
66063,-8355840,-8355840,rest
66071,-8355840,-8355633,rest
66079,-592248,-8289825,rest
66087,-8355840,-8355840,rest
66095,-6316084,-789639,rest
66103,-8355840,-8355840,rest
66111,-8355840,-8289878,rest
66119,-657970,-8355616,rest
66127,-8355840,-8355840,rest
66135,-6184632,-855342,rest
66143,-8355840,-8355840,rest
66151,-8355840,-8158240,rest
66159,-657995,-8355786,rest
66167,-8355840,-8355840,rest
66175,-5855510,-789626,rest
66183,-8355840,-8355840,rest
66191,-8355840,-7763546,rest
66199,-658061,-8355840,rest
66207,-8355840,-8355840,rest
66215,-5592359,-789669,rest
66223,-8355840,-8355840,rest
66231,-8355840,-7829310,rest
66239,-855528,-8355840,rest
66247,-8355840,-8355840,rest
66255,-5460986,-789755,rest
66263,-8355840,-8355840,rest
66271,-8355840,-7697710,rest
66279,-1579174,-8355840,rest
66287,-8355840,-8355840,rest
66295,-5197776,-789619,rest
66303,-8355840,-8355840,rest
66312,-8355840,-7500454,rest
66320,-1908129,-8355840,rest
66328,-8355840,-8355840,rest
66336,-4934508,-1052877,rest
66344,-8355840,-8355840,rest
66352,-8355840,-7697798,rest
66360,-2434331,-8355840,rest
66368,-8355840,-8355840,rest
66376,-4802872,-1250178,rest
66384,-8355840,-8355840,rest
66392,-8355840,-7632051,rest
66400,-2763456,-8355840,rest
66408,-8355840,-8355840,rest
66416,-4539780,-1710756,rest
66424,-8355840,-8355840,rest
66432,-8355840,-7632092,rest
66440,-3355576,-8355840,rest
66448,-8355840,-8355840,rest
66456,-5789746,-2368582,rest
66464,-8355840,-8355840,rest
66472,-8355840,-7763492,rest
66480,-3881905,-8355840,rest
66488,-8355840,-8355840,rest
66496,-5526678,-2565913,rest
66504,-8355840,-8355840,rest
66512,-8355840,-7829413,rest
66520,-4079279,-8355840,rest
66528,-8355840,-8355840,rest
66536,-5329199,-3026578,rest
66544,-8355840,-8355840,rest
66552,-8355840,-7895158,rest
66560,-4605693,-8355840,rest
66568,-8355840,-8355840,rest
66576,-4868724,-3684489,rest
66584,-8355840,-8355840,rest
66592,-8355840,-7961083,rest
66601,-5131894,-8355840,rest
66608,-8355840,-8355840,rest
66616,-5132012,-3816157,rest
66625,-8355840,-8355840,rest
66633,-8355840,-7829485,rest
66641,-5460892,-8355840,rest
66649,-8355840,-8355840,rest
66657,-4934559,-4342528,rest
66665,-8355840,-8355840,rest
66673,-8355840,-7303163,rest
66681,-6052884,-8355840,rest
66689,-8355840,-8355840,rest
66697,-4671329,-4868772,rest
66705,-8355840,-8355840,rest
66713,-8355840,-7237204,rest
66721,-6447759,-8355840,rest
66729,-8355840,-8355840,rest
66737,-987134,-5132021,rest
66745,-8355840,-8355840,rest
66753,-8355840,-6842418,rest
66761,-6776757,-8355840,rest
66769,-8355840,-8355840,rest
66777,-1052876,-5658138,rest
66785,-8355840,-8355840,rest
66793,-8355840,-6184641,rest
66801,-7171333,-8355840,rest
66809,-8355840,-8355840,rest
66817,-3487109,-6184637,rest
66825,-8355840,-8355840,rest
66833,-8355840,-5789868,rest
66841,-8289910,-8355840,rest
66849,-8355840,-8355840,rest
66857,-3421283,-6382053,rest
66865,-8355840,-8355840,rest
66873,-8355840,-4934477,rest
66881,-8355701,-8355840,rest
66889,-8355840,-8355840,rest
66897,-2829061,-6842463,rest
66905,-8355840,-8355840,rest
66913,-8355840,-1052726,rest
66921,-8355840,-8355840,rest
66930,-8355840,-8355840,rest
66938,-2368686,-6974173,rest
66946,-8355840,-8355840,rest
66954,-8355840,-3289642,rest
66962,-8355840,-8355840,rest
66970,-8355840,-8355840,rest
66978,-1973914,-7368707,rest
66986,-8355840,-8355840,rest
66994,-8355840,-1052711,rest
67002,-8355840,-8355840,rest
67010,-8355840,-8355840,rest
67018,-1513308,-8355616,rest
67026,-8355840,-8355840,rest
67034,-8224117,-986989,rest
67042,-8355840,-8355840,rest
67050,-8355840,-8355840,rest
67058,-789677,-8355701,rest
67066,-8355840,-8355840,rest
67074,-7895234,-1118491,rest
67082,-8355840,-8355840,rest
67090,-8355840,-8355840,rest
67098,-921105,-8355840,rest
67106,-8355840,-8355840,rest
67114,-7434684,-921139,rest
67122,-8355840,-8355840,rest
67130,-8355840,-8355840,rest
67138,-789695,-8355840,rest
67146,-8355840,-8355840,rest
67154,-6974199,-921316,rest
67162,-8355840,-8355840,rest
67170,-8355840,-8289935,rest
67178,-1118621,-8355840,rest
67186,-8355840,-8355840,rest
67194,-6579203,-855407,rest
67202,-8355840,-8355840,rest
67210,-8355840,-8092443,rest
67219,-1644837,-8355840,rest
67226,-8355840,-8355840,rest
67234,-5263437,-789613,rest
67243,-8355840,-8355840,rest
67251,-8355840,-7434642,rest
67259,-1644837,-8355840,rest
67267,-8355840,-8355840,rest
67275,-4473911,-789535,rest
67283,-8355840,-8355840,rest
67291,-8355840,-6184637,rest
67299,-2105503,-8355840,rest
67307,-8355840,-8355840,rest
67315,-3618628,-987080,rest
67323,-8355840,-8355840,rest
67331,-8355840,-5724020,rest
67339,-2631747,-8355840,rest
67347,-8355840,-8355840,rest
67355,-3223879,-1381679,rest
67363,-8355840,-8355840,rest
67371,-8355840,-5000394,rest
67379,-2829077,-8355840,rest
67387,-8355840,-8355840,rest
67395,-2631773,-1579131,rest
67403,-8355840,-8355840,rest
67411,-8355840,-4145013,rest
67419,-3158118,-8355840,rest
67427,-8355840,-8355840,rest
67435,-1973772,-2105460,rest
67443,-8355840,-8355840,rest
67451,-8355840,-3552898,rest
67459,-3618613,-8355840,rest
67467,-8355840,-8355840,rest
67475,-987113,-2105588,rest
67483,-8355840,-8355840,rest
67491,-8355840,-2697498,rest
67499,-3816114,-8355840,rest
67507,-8355840,-8355840,rest
67515,-855360,-2434501,rest
67523,-8355840,-8355840,rest
67532,-8355840,-1184267,rest
67539,-4276482,-8355840,rest
67548,-8355840,-8355840,rest
67556,-658169,-2960787,rest
67564,-8355840,-8355840,rest
67572,-8355840,-789593,rest
67580,-4868644,-8355840,rest
67588,-8355840,-8355840,rest
67596,-592299,-3289615,rest
67604,-8355840,-8355840,rest
67612,-8355840,-658142,rest
67620,-5066230,-8355840,rest
67628,-8355840,-8355840,rest
67636,-394788,-3816029,rest
67644,-8355840,-8355840,rest
67652,-8026755,-394959,rest
67660,-5460977,-8355840,rest
67668,-8355840,-8355840,rest
67676,-263293,-4144985,rest
67684,-8355840,-8355840,rest
67692,-7368939,-329044,rest
67700,-5855681,-8355840,rest
67708,-8355840,-8355840,rest
67716,-197587,-4408234,rest
67724,-8355840,-8355840,rest
67732,-6645016,-328974,rest
67740,-6184679,-8355840,rest
67748,-8355840,-8092448,rest
67756,-197608,-5000227,rest
67764,-8355840,-8355840,rest
67772,-6447710,-329107,rest
67780,-6710923,-8355840,rest
67788,-8355840,-8289932,rest
67796,-263349,-5723929,rest
67804,-8355840,-8355840,rest
67812,-6513471,-526554,rest
67820,-7171461,-8355840,rest
67828,-8355840,-8224044,rest
67836,-394975,-5855639,rest
67845,-8355840,-8355840,rest
67852,-6447654,-592358,rest
67861,-7566335,-8355840,rest
67869,-8355840,-8224072,rest
67877,-526337,-6381840,rest
67885,-8355840,-8355840,rest
67893,-6645029,-723747,rest
67901,-8355786,-8355840,rest
67909,-8355840,-8355840,rest
67917,-526532,-7105627,rest
67925,-8355840,-8355840,rest
67933,-6579328,-789625,rest
67941,-8355840,-8355840,rest
67949,-8355840,-8355767,rest
67957,-592255,-7500544,rest
67965,-8355840,-8355840,rest
67973,-6381904,-789711,rest
67981,-8355840,-8355840,rest
67989,-8355840,-8355671,rest
67997,-657944,-8355616,rest
68005,-8355840,-8355840,rest
68013,-6184463,-789589,rest
68021,-8355840,-8355840,rest
68029,-8355840,-8289797,rest
68037,-658022,-8355840,rest
68045,-8355840,-8355840,rest
68053,-6053065,-855310,rest
68061,-8355840,-8355840,rest
68069,-8355840,-8158308,rest
68077,-658141,-8355840,rest
68085,-8355840,-8355840,rest
68093,-5855647,-855349,rest
68101,-8355840,-8355840,rest
68109,-8355840,-7960929,rest
68117,-855496,-8355840,rest
68125,-8355840,-8355840,rest
68134,-5658181,-789691,rest
68141,-8355840,-8355840,rest
68149,-8355840,-8092435,rest
68158,-1447592,-8355840,rest
68166,-8355840,-8355840,rest
68174,-5526657,-855348,rest
68182,-8355840,-8355840,rest
68190,-8355840,-7895233,rest
68198,-1908044,-8355840,rest
68206,-8355840,-8355840,rest
68214,-5131821,-921207,rest
68222,-8355840,-8355840,rest
68230,-8355840,-7829311,rest
68238,-2236957,-8355840,rest
68246,-8355840,-8355840,rest
68254,-5000266,-1381694,rest
68262,-8355840,-8355840,rest
68270,-8355840,-7961069,rest
68278,-2895081,-8355840,rest
68286,-8355840,-8355840,rest
68294,-6447664,-1710671,rest
68302,-8355840,-8355840,rest
68310,-8355840,-8158315,rest
68318,-3289700,-8355840,rest
68326,-8355840,-8355840,rest
68334,-6250342,-2171166,rest
68342,-8355840,-8355840,rest
68350,-8355840,-7961025,rest
68358,-3750366,-8355840,rest
68366,-8355840,-8355840,rest
68374,-5789703,-2697665,rest
68382,-8355840,-8355840,rest
68390,-8355840,-8092653,rest
68398,-4276694,-8355840,rest
68406,-8355840,-8355840,rest
68414,-5526601,-2960745,rest
68422,-8355840,-8355840,rest
68430,-8355840,-8158413,rest
68438,-4539731,-8355840,rest
68446,-8355840,-8355840,rest
68454,-5131819,-3421368,rest
68462,-8355840,-8355840,rest
68471,-8355840,-7961087,rest
68479,-5066103,-8355840,rest
68487,-8355840,-8355840,rest
68495,-4671306,-4013317,rest
68503,-8355840,-8355840,rest
68511,-8355840,-7697695,rest
68519,-5526683,-8355840,rest
68527,-8355840,-8355840,rest
68535,-4144933,-4079321,rest
68543,-8355840,-8355840,rest
68551,-8355840,-6842378,rest
68559,-5724141,-8355840,rest
68567,-8355840,-8355840,rest
68575,-3355602,-4737232,rest
68583,-8355840,-8355840,rest
68591,-8355840,-5789792,rest
68599,-5987263,-8355840,rest
68607,-8355840,-8355840,rest
68615,-855407,-5131936,rest
68623,-8355840,-8355840,rest
68631,-8355840,-4802860,rest
68639,-6579298,-8355840,rest
68647,-8355840,-8355840,rest
68655,-855428,-5329225,rest
68663,-8355840,-8355840,rest
68671,-8355840,-1710764,rest
68679,-6513550,-8355840,rest
68687,-8355840,-8355840,rest
68695,-855538,-5789933,rest
68703,-8355840,-8355840,rest
68711,-8355840,-921090,rest
68719,-7237295,-8355840,rest
68727,-8355840,-8355840,rest
68735,-855347,-6381840,rest
68743,-8355840,-8355840,rest
68751,-8355840,-921189,rest
68760,-8289825,-8355840,rest
68767,-8355840,-8355840,rest
68776,-789747,-6710796,rest
68784,-8355840,-8355840,rest
68792,-8355840,-921210,rest
68800,-8355786,-8355840,rest
68808,-8355840,-8355840,rest
68816,-789553,-6842505,rest
68824,-8355840,-8355840,rest
68832,-8289960,-855534,rest
68840,-8355840,-8355840,rest
68848,-8355840,-8355840,rest
68856,-789654,-7039836,rest
68864,-8355840,-8355840,rest
68872,-7961009,-855507,rest
68880,-8355840,-8355840,rest
68888,-8355840,-8355840,rest
68896,-789544,-7237124,rest
68904,-8355840,-8355840,rest
68912,-7303150,-789727,rest
68920,-8355840,-8355840,rest
68928,-8355840,-8355840,rest
68936,-658011,-8355616,rest
68944,-8355840,-8355840,rest
68952,-6579378,-789713,rest
68960,-8355840,-8355840,rest
68968,-8355840,-8289948,rest
68976,-592373,-8355743,rest
68984,-8355840,-8355840,rest
68992,-5789799,-789754,rest
69000,-8355840,-8355840,rest
69008,-8355840,-8092512,rest
69016,-592242,-8355840,rest
69024,-8355840,-8355840,rest
69032,-5395101,-789621,rest
69040,-8355840,-8355840,rest
69048,-8355840,-7566113,rest
69056,-592148,-8355840,rest
69065,-8355840,-8355840,rest
69072,-4934406,-723904,rest
69080,-8355840,-8355840,rest
69089,-8355840,-6776814,rest
69097,-1052777,-8355840,rest
69105,-8355840,-8355840,rest
69113,-4276722,-723855,rest
69121,-8355840,-8355840,rest
69129,-8355840,-6447626,rest
69137,-1250261,-8355840,rest
69145,-8355840,-8355840,rest
69153,-3947618,-658095,rest
69161,-8355840,-8355840,rest
69169,-8355840,-5460981,rest
69177,-1381758,-8355840,rest
69185,-8355840,-8355840,rest
69193,-3355464,-723727,rest
69201,-8355840,-8355840,rest
69209,-8355840,-4737173,rest
69217,-2236957,-8355840,motion
69225,-8355840,-8355840,motion
69233,-2566067,-789684,motion
69241,-8355840,-8355840,motion
69249,-8355840,-4079210,motion
69257,-2368540,-8355840,motion
69265,-8355840,-8355840,motion
69273,-1973958,-789562,motion
69281,-8355840,-8355840,motion
69289,-8355840,-3158253,motion
69297,-2631747,-8355840,motion
69305,-8355840,-8355840,motion
69313,-921213,-1250176,motion
69321,-8355840,-8355840,motion
69329,-8355840,-2566030,motion
69337,-3092412,-8355840,motion
69345,-8355840,-8355840,motion
69353,-789676,-1908044,motion
69361,-8355840,-8355840,motion
69369,-8355840,-2302754,motion
69377,-3618656,-8355840,motion
69385,-8355840,-8355840,motion
69394,-789550,-2105503,motion
69402,-8355840,-8355840,motion
69410,-8355840,-1579026,motion
69418,-3947696,-8355840,motion
69426,-8355840,-8355840,motion
69434,-657984,-2631789,motion
69442,-8355840,-8355840,motion
69450,-8355840,-921247,motion
69458,-4474110,-8355840,motion
69466,-8355840,-8355840,motion
69474,-592237,-3158246,motion
69482,-8355840,-8355840,motion
69490,-8355840,-855320,motion
69498,-5066230,-8355840,motion
69506,-8355840,-8355840,motion
69514,-592168,-3552865,motion
69522,-8355840,-8355840,motion
69530,-8355840,-921250,motion
69538,-5395101,-8355840,motion
69546,-8355840,-8355840,motion
69554,-658079,-4210818,motion
69562,-8355840,-8355840,motion
69570,-8355840,-986960,motion
69578,-5855554,-8355840,motion
69586,-8355840,-8355840,motion
69594,-658001,-4934521,motion
69602,-8355840,-8355840,motion
69610,-8355840,-921242,motion
69618,-6316219,-8355840,motion
69626,-8355840,-8355840,motion
69634,-723810,-5395143,motion
69642,-8355840,-8355840,motion
69650,-8355840,-921253,motion
69658,-6645217,-8355840,motion
69666,-8355840,-8355840,motion
69674,-723942,-5789848,motion
69682,-8355840,-8355840,motion
69691,-8355734,-921106,motion
69699,-7105670,-8355840,motion
69707,-8355840,-8355840,motion
69715,-723873,-6579426,motion
69723,-8355840,-8355840,motion
69731,-8289885,-855549,motion
69739,-8355658,-8355840,motion
69747,-8355840,-8355840,motion
69755,-789552,-6579426,motion
69763,-8355840,-8355840,motion
69771,-8158312,-921104,motion
69779,-8355786,-8355840,motion
69787,-8355840,-8355840,motion
69795,-789747,-6842548,motion
69803,-8355840,-8355840,motion
69811,-7960998,-855468,motion
69819,-8355840,-8355840,motion
69827,-8355840,-8355840,motion
69835,-1250051,-7697875,motion
69843,-8355840,-8355840,motion
69851,-7697802,-921224,motion
69859,-8355840,-8355840,motion
69867,-8355840,-8355840,motion
69875,-789516,-8355616,motion
69883,-8355840,-8355840,motion
69891,-7434519,-921137,motion
69899,-8355840,-8355840,motion
69907,-8355840,-8355840,motion
69915,-789560,-8355840,motion
69923,-8355840,-8355840,motion
69931,-7039952,-921283,motion
69939,-8355840,-8355840,motion
69947,-8355840,-8355840,motion
69955,-723947,-8355840,motion
69963,-8355840,-8355840,motion
69971,-6579364,-921144,motion
69979,-8355840,-8355840,motion
69988,-8355840,-8355784,motion
69996,-789651,-8355840,motion
70004,-8355840,-8355840,motion
70012,-6052957,-921248,motion
70020,-8355840,-8355840,motion
70028,-8355840,-8158386,motion
70036,-1184409,-8355840,motion
70044,-8355840,-8355840,motion
70052,-5526570,-855423,motion
70060,-8355840,-8355840,motion
70068,-8355840,-8026731,motion
70076,-1908044,-8355840,motion
70084,-8355840,-8355840,motion
70092,-5197664,-855351,motion
70100,-8355840,-8355840,motion
70108,-8355840,-7829275,motion
70116,-2237085,-8355840,motion
70124,-8355840,-8355840,motion
70132,-4802855,-1118513,motion
70140,-8355840,-8355840,motion
70148,-8355840,-7697860,motion
70156,-2631704,-8355840,motion
70164,-8355840,-8355840,motion
70172,-4342491,-1579131,motion
70180,-8355840,-8355840,motion
70188,-8355840,-7632075,motion
70196,-3092242,-8355840,motion
70204,-8355840,-8355840,motion
70212,-4013503,-1842296,motion
70220,-8355840,-8355840,motion
70228,-8355840,-7434500,motion
70236,-3421410,-8355840,motion
70244,-8355840,-8355840,motion
70252,-3486977,-2302919,motion
70260,-8355840,-8355840,motion
70268,-8355840,-6974191,motion
70276,-3881905,-8355840,motion
70284,-8355840,-8355840,motion
70292,-2894995,-2829248,motion
70300,-8355840,-8355840,motion
70308,-8355840,-6513481,motion
70317,-4276482,-8355840,motion
70325,-8355840,-8355840,motion
70333,-2500344,-3158161,motion
70341,-8355840,-8355840,motion
70349,-8355840,-6118834,motion
70357,-4605522,-8355840,motion
70365,-8355840,-8355840,motion
70373,-2039665,-3487201,motion
70381,-8355840,-8355840,motion
70389,-8355840,-5460738,motion
70397,-4868814,-8355840,motion
70405,-8355840,-8355840,motion
70413,-1184474,-4144900,motion
70421,-8355840,-8355840,motion
70429,-8355840,-4868693,motion
70437,-5724014,-8355840,motion
70445,-8355840,-8355840,motion
70453,-855538,-4276482,motion
70461,-8355840,-8355840,motion
70469,-8355840,-2171384,motion
70477,-5723971,-8355840,motion
70485,-8355840,-8355840,motion
70493,-723950,-4539859,motion
70501,-8355840,-8355840,motion
70509,-8355840,-986893,motion
70517,-5987221,-8355840,motion
70525,-8355840,-8355840,motion
70533,-789676,-5197600,motion
70541,-8355840,-8355840,motion
70549,-8355840,-921209,motion
70557,-6316176,-8355840,motion
70565,-8355840,-8355840,motion
70573,-658121,-5460892,motion
70581,-8355840,-8355840,motion
70589,-8355840,-855531,motion
70597,-6710966,-8355840,motion
70606,-8355840,-8355840,motion
70613,-658043,-5526598,motion
70622,-8355840,-8355840,motion
70630,-8026872,-789659,motion
70638,-7039836,-8355840,motion
70646,-8355840,-8355840,motion
70654,-526552,-6513465,motion
70662,-8355840,-8355840,motion
70670,-7697751,-789592,motion
70678,-8224246,-8355840,motion
70686,-8355840,-8355840,motion
70694,-526485,-6447631,motion
70702,-8355840,-8355840,motion
70710,-7171494,-723872,motion
70718,-8289995,-8355840,motion
70726,-8355840,-8355840,motion
70734,-526418,-6645217,motion
70742,-8355840,-8355840,motion
70750,-6579361,-723737,motion
70758,-8355840,-8355840,motion
70766,-8355840,-8355769,motion
70774,-526365,-7171333,motion
70782,-8355840,-8355840,motion
70790,-5987209,-592341,motion
70798,-8355840,-8355840,motion
70806,-8355840,-8026800,motion
70814,-460608,-7697790,motion
70822,-8355840,-8355840,motion
70830,-5592568,-592148,motion
70838,-8355840,-8355840,motion
70846,-8355840,-7368855,motion
70854,-460550,-8355701,motion
70862,-8355840,-8355840,motion
70870,-4934561,-592219,motion
70878,-8355840,-8355840,motion
70886,-8355840,-6645213,motion
70894,-394896,-8355840,motion
70902,-8355840,-8355840,motion
70911,-4539691,-592160,motion
70918,-8355840,-8355840,motion
70927,-8355840,-6382068,motion
70935,-460782,-8355840,motion
70943,-8355840,-8355840,motion
70951,-4210864,-526555,motion
70959,-8355840,-8355840,motion
70967,-8355840,-5723953,motion
70975,-526410,-8355840,motion
70983,-8355840,-8355840,motion
70991,-3618695,-460800,motion
70999,-8355840,-8355840,motion
71007,-8355840,-4934626,motion
71015,-723842,-8355840,motion
71023,-8355840,-8355840,motion
71031,-2960860,-460729,motion
71039,-8355840,-8355840,motion
71047,-8355840,-4737085,motion
71055,-1250133,-8355840,motion
71063,-8355840,-8355840,motion
71071,-2829074,-460747,motion
71079,-8355840,-8355840,motion
71087,-8355840,-4210738,motion
71095,-1579174,-8355840,motion
71103,-8355840,-8355840,motion
71111,-2237167,-526461,motion
71119,-8355840,-8355840,motion
71127,-8355840,-3421429,motion
71135,-2039754,-8355840,motion
71143,-8355840,-8355840,motion
71151,-1513329,-855320,motion
71159,-8355840,-8355840,motion
71167,-8355840,-3224023,motion
71175,-2697580,-8355840,motion
71183,-8355840,-8355840,motion
71191,-1250277,-1184385,motion
71199,-8355840,-8355840,motion
71207,-8355840,-2895061,motion
71215,-3092369,-8355840,motion
71224,-8355840,-8355840,motion
71232,-921233,-1776420,motion
71240,-8355840,-8355840,motion
71248,-8355840,-2631700,motion
71256,-3552865,-8355840,motion
71264,-8355840,-8355840,motion
71272,-921162,-2500164,motion
71280,-8355840,-8355840,motion
71288,-8355840,-2697496,motion
71296,-4079321,-8355840,motion
71304,-8355840,-8355840,motion
71312,-855418,-2960830,motion
71320,-8355840,-8355840,motion
71328,-8355840,-2434372,motion
71336,-4539689,-8355840,motion
71344,-8355840,-8355840,motion
71352,-855322,-3684447,motion
71360,-8355840,-8355840,motion
71368,-8355840,-2039652,motion
71376,-5132021,-8355840,motion
71384,-8355840,-8355840,motion
71392,-789578,-4210776,motion
71400,-8355840,-8355840,motion
71408,-8355840,-2105453,motion
71416,-5658180,-8355840,motion
71424,-8355840,-8355840,motion
71432,-789710,-4408107,motion
71440,-8355840,-8355840,motion
71448,-8355840,-1579156,motion
71456,-5987263,-8355840,motion
71464,-8355840,-8355840,motion
71472,-855298,-4934563,motion
71480,-8355840,-8355840,motion
71488,-8355840,-1184265,motion
71496,-6447759,-8355840,motion
71504,-8355840,-8355840,motion
71513,-789681,-5460849,motion
71520,-8355840,-8355840,motion
71528,-8355840,-921314,motion
71537,-6776799,-8355840,motion
71545,-8355840,-8355840,motion
71553,-789664,-5855596,motion
71561,-8355840,-8355840,motion
71569,-8355840,-855548,motion
71577,-7039836,-8355840,motion
71585,-8355840,-8355840,motion
71593,-723835,-6184637,motion
71601,-8355840,-8355840,motion
71609,-8092668,-855342,motion
71617,-8289995,-8355840,motion
71625,-8355840,-8355840,motion
71633,-723756,-6710796,motion
71641,-8355840,-8355840,motion
71649,-7895276,-855484,motion
71657,-8355828,-8355840,motion
71665,-8355840,-8355840,motion
71673,-658042,-6974088,motion
71681,-8355840,-8355840,motion
71689,-7566218,-855469,motion
71697,-8355840,-8355840,motion
71705,-8355840,-8355840,motion
71713,-658110,-7105712,motion
71721,-8355840,-8355840,motion
71729,-7171375,-855351,motion
71737,-8355840,-8355840,motion
71745,-8355840,-8355840,motion
71753,-658041,-8290037,motion
71761,-8355840,-8355840,motion
71769,-6710796,-855343,motion
71777,-8355840,-8355840,motion
71785,-8355840,-8355840,motion
71793,-592326,-8355701,motion
71801,-8355840,-8355840,motion
71809,-5987279,-789736,motion
71817,-8355840,-8355840,motion
71825,-8355840,-8092484,motion
71833,-592228,-8355840,motion
71841,-8355840,-8355840,motion
71850,-5329377,-789661,motion
71858,-8355840,-8355840,motion
71866,-8355840,-7697672,motion
71874,-592216,-8355840,motion
71882,-8355840,-8355840,motion
71890,-4934464,-789519,motion
71898,-8355840,-8355840,motion
71906,-8355840,-6908189,motion
71914,-657929,-8355840,motion
71922,-8355840,-8355840,motion
71930,-4342285,-723826,motion
71938,-8355840,-8355840,motion
71946,-8355840,-6184501,motion
71954,-1052787,-8355840,motion
71962,-8355840,-8355840,motion
71970,-3684394,-658160,motion
71978,-8355840,-8355840,motion
71986,-8355840,-5592551,motion
71994,-1842211,-8355840,motion
72002,-8355840,-8355840,motion
72010,-3223926,-657960,motion
72018,-8355840,-8355840,motion
72026,-8355840,-4934526,motion
72034,-1776505,-8355840,motion
72042,-8355840,-8355840,motion
72050,-2697654,-723875,motion
72058,-8355840,-8355840,motion
72066,-8355840,-4079286,motion
72074,-2237042,-8355840,motion
72082,-8355840,-8355840,motion
72090,-2039769,-1250091,motion
72098,-8355840,-8355840,motion
72106,-8355840,-3684490,motion
72114,-2763499,-8355840,motion
72122,-8355840,-8355840,motion
72130,-1579083,-1250261,motion
72139,-8355840,-8355840,motion
72146,-8355840,-2960718,motion
72154,-3092327,-8355840,motion
72163,-8355840,-8355840,motion
72171,-789632,-1710841,motion
72179,-8355840,-8355840,motion
72187,-8355840,-2171371,motion
72195,-3552950,-8355840,motion
72203,-8355840,-8355840,motion
72211,-723951,-2368540,motion
72219,-8355840,-8355840,motion
72227,-8355840,-1908201,motion
72235,-4144985,-8355840,motion
72243,-8355840,-8355840,motion
72251,-723726,-2631747,motion
72259,-8355840,-8355840,motion
72267,-8355840,-1184495,motion
72275,-4473940,-8355840,motion
72283,-8355840,-8355840,motion
72291,-592304,-3223952,motion
72299,-8355840,-8355840,motion
72307,-8355840,-855431,motion
72315,-5000227,-8355840,motion
72323,-8355840,-8355840,motion
72331,-592333,-3750238,motion
72339,-8355840,-8355840,motion
72347,-8355840,-921142,motion
72355,-5526598,-8355840,motion
72363,-8355840,-8355840,motion
72371,-592264,-4013360,motion
72379,-8355840,-8355840,motion
72387,-8355840,-855330,motion
72395,-5789720,-8355840,motion
72403,-8355840,-8355840,motion
72411,-592277,-4473940,motion
72419,-8355840,-8355840,motion
72427,-8289947,-855309,motion
72435,-6184637,-8355840,motion
72443,-8355840,-8355840,motion
72452,-592350,-5197813,motion
72459,-8355840,-8355840,motion
72468,-8224199,-855316,motion
72476,-6776672,-8355840,motion
72484,-8355840,-8355840,motion
72492,-592346,-5460807,motion
72500,-8355840,-8355840,motion
72508,-8026668,-789664,motion
72516,-7039921,-8355840,motion
72524,-8355840,-8355840,motion
72532,-592216,-5987178,motion
72540,-8355840,-8355840,motion
72548,-7697772,-855438,motion
72556,-8289867,-8355840,motion
72564,-8355840,-8355840,motion
72572,-657934,-6579426,motion
72580,-8355840,-8355840,motion
72588,-7566101,-855434,motion
72596,-8355840,-8355840,motion
72604,-8355840,-8355840,motion
72612,-657961,-6776587,motion
72620,-8355840,-8355840,motion
72628,-7237315,-855449,motion
72636,-8355840,-8355840,motion
72644,-8355840,-8355840,motion
72652,-723791,-7105670,motion
72660,-8355840,-8355840,motion
72668,-7105552,-855427,motion
72676,-8355840,-8355840,motion
72684,-8355840,-8355840,motion
72692,-658115,-8290037,motion
72700,-8355840,-8355840,motion
72708,-6710938,-855415,motion
72716,-8355840,-8355840,motion
72724,-8355840,-8355840,motion
72732,-592367,-8355743,motion
72740,-8355840,-8355840,motion
72748,-6316262,-855396,motion
72756,-8355840,-8355840,motion
72765,-8355840,-8224251,motion
72773,-658067,-8355840,motion
72781,-8355840,-8355840,motion
72789,-5855737,-855344,motion
72797,-8355840,-8355840,motion
72805,-8355840,-8158288,motion
72813,-723838,-8355840,motion
72821,-8355840,-8355840,motion
72829,-5592566,-855371,motion
72837,-8355840,-8355840,motion
72845,-8355840,-7895074,motion
72853,-855534,-8355840,motion
72861,-8355840,-8355840,motion
72869,-5131969,-789666,motion
72877,-8355840,-8355840,motion
72885,-8355840,-7500399,motion
72893,-1513425,-8355840,motion
72901,-8355840,-8355840,motion
72909,-4671488,-789657,motion
72917,-8355840,-8355840,motion
72925,-8355840,-7303156,motion
72933,-1908087,-8355840,motion
72941,-8355840,-8355840,motion
72949,-4342369,-855343,motion
72957,-8355840,-8355840,motion
72965,-8355840,-6908212,motion
72973,-2237085,-8355840,motion
72981,-8355840,-8355840,motion
72989,-3684548,-1118709,motion
72997,-8355840,-8355840,motion
73005,-8355840,-6316067,motion
73013,-2631917,-8355840,motion
73021,-8355840,-8355840,motion
73029,-2960706,-1710714,motion
73037,-8355840,-8355840,motion
73045,-8355840,-4934499,motion
73054,-3223952,-8355840,motion
73061,-8355840,-8355840,motion
73069,-2434443,-1710841,motion
73078,-8355840,-8355840,motion
73086,-8355840,-4079179,motion
73094,-3487074,-8355840,motion
73102,-8355840,-8355840,motion
73110,-1513353,-2302749,motion
73118,-8355840,-8355840,motion
73126,-8355840,-3158250,motion
73134,-3881820,-8355840,motion
73142,-8355840,-8355840,motion
73150,-921294,-2763286,motion
73158,-8355840,-8355840,motion
73166,-8355840,-2631848,motion
73174,-4342273,-8355840,motion
73182,-8355840,-8355840,motion
73190,-855501,-2697708,motion
73198,-8355840,-8355840,motion
73206,-8355840,-1513461,motion
73214,-4737062,-8355840,motion
73222,-8355840,-8355840,motion
73230,-723875,-3355576,motion
73238,-8355840,-8355840,motion
73246,-8355840,-986932,motion
73254,-5395016,-8355840,motion
73262,-8355840,-8355840,motion
73270,-723758,-4013360,motion
73278,-8355840,-8355840,motion
73286,-8355840,-986948,motion
73294,-5658138,-8355840,motion
73302,-8355840,-8355840,motion
73310,-592338,-4145070,motion
73318,-8355840,-8355840,motion
73326,-8355840,-855497,motion
73334,-5987136,-8355840,motion
73342,-8355840,-8355840,motion
73350,-592156,-4737062,motion
73358,-8355840,-8355840,motion
73367,-8355588,-855393,motion
73374,-6381840,-8355840,motion
73382,-8355840,-8355840,motion
73391,-592194,-5329395,motion
73399,-8355840,-8355840,motion
73407,-8026833,-789571,motion
73415,-6776799,-8355840,motion
73423,-8355840,-8355840,motion
73431,-592149,-5526641,motion
73439,-8355840,-8355840,motion
73447,-7566092,-723719,motion
73455,-7171418,-8355840,motion
73463,-8355840,-8355840,motion
73471,-526398,-5987263,motion
73479,-8355840,-8355840,motion
73487,-6908341,-658018,motion
73495,-8224119,-8355840,motion
73503,-8355840,-8355840,motion
73511,-460662,-6513592,motion
73519,-8355840,-8355840,motion
73527,-6579346,-592350,motion
73535,-8355701,-8355840,motion
73543,-8355840,-8158444,motion
73551,-460675,-6645132,motion
73559,-8355840,-8355840,motion
73567,-6052878,-592283,motion
73575,-8355840,-8355840,motion
73583,-8355840,-7697862,motion
73591,-460755,-7171461,motion
73599,-8355840,-8355840,motion
73607,-5526719,-592234,motion
73615,-8355840,-8355840,motion
73623,-8355840,-7566199,motion
73631,-394988,-8224119,motion
73639,-8355840,-8355840,motion
73647,-5394971,-592321,motion
73655,-8355840,-8355840,motion
73663,-8355840,-7303026,motion
73671,-460650,-8290037,motion
73680,-8355840,-8355840,motion
73687,-5131889,-658052,motion
73696,-8355840,-8355840,motion
73704,-8355840,-6974058,motion
73712,-460755,-8355840,motion
73720,-8355840,-8355840,motion
73728,-4802945,-658056,motion
73736,-8355840,-8355840,motion
73744,-8355840,-6974162,motion
73752,-526377,-8355840,motion
73760,-8355840,-8355840,motion
73768,-4671486,-723922,motion
73776,-8355840,-8355840,motion
73784,-8355840,-6710973,motion
73792,-592335,-8355840,motion
73800,-8355840,-8355840,motion
73808,-4473977,-723962,motion
73816,-8355840,-8355840,motion
73824,-8355840,-6316194,motion
73832,-1184470,-8355840,motion
73840,-8355840,-8355840,motion
73848,-4079286,-789513,motion
73856,-8355840,-8355840,motion
73864,-8355840,-6316088,motion
73872,-1710629,-8355840,motion
73880,-8355840,-8355840,motion
73888,-4079253,-855304,motion
73896,-8355840,-8355840,motion
73904,-8355840,-6645082,motion
73912,-2105418,-8355840,motion
73920,-8355840,-8355840,motion
73928,-3750355,-1315910,motion
73936,-8355840,-8355840,motion
73944,-8355840,-6447702,motion
73952,-3026493,-8355840,motion
73960,-8355840,-8355840,motion
73968,-3421435,-2039754,motion
73976,-8355840,-8355840,motion
73984,-8355840,-6513544,motion
73993,-3355619,-8355840,motion
74001,-8355840,-8355840,motion
74009,-3223952,-2368752,motion
74017,-8355840,-8355840,motion
74025,-8355840,-6382031,motion
74033,-3750196,-8355840,motion
74041,-8355840,-8355840,motion
74049,-2829182,-2829290,motion
74057,-8355840,-8355840,motion
74065,-8355840,-6316250,motion
74073,-4408234,-8355840,motion
74081,-8355840,-8355840,motion
74089,-2434436,-3487159,motion
74097,-8355840,-8355840,motion
74105,-8355840,-6645237,motion
74113,-5000439,-8355840,motion
74121,-8355840,-8355840,motion
74129,-2105521,-3684574,motion
74137,-8355840,-8355840,motion
74145,-8355840,-6052973,motion
74153,-5395186,-8355840,motion
74161,-8355840,-8355840,motion
74169,-1316051,-4276694,motion
74177,-8355840,-8355840,motion
74185,-8355840,-5131861,motion
74193,-5658138,-8355840,motion
74201,-8355840,-8355840,motion
74209,-1118615,-4671441,motion
74217,-8355840,-8355840,motion
74225,-8355840,-4408171,motion
74233,-6053055,-8355840,motion
74241,-8355840,-8355840,motion
74249,-855474,-4934606,motion
74257,-8355840,-8355840,motion
74265,-8355840,-1579157,motion
74273,-6316134,-8355840,motion
74281,-8355840,-8355840,motion
74289,-855483,-5460977,motion
74297,-8355840,-8355840,motion
74306,-8355840,-921138,motion
74314,-6710966,-8355840,motion
74322,-8355840,-8355840,motion
74330,-789755,-5658350,motion
74338,-8355840,-8355840,motion
74346,-8355840,-723860,motion
74354,-7039921,-8355840,motion
74362,-8355840,-8355840,motion
74370,-723914,-5789848,motion
74378,-8355840,-8355840,motion
74386,-8355840,-592318,motion
74394,-7302916,-8355840,motion
74402,-8355840,-8355840,motion
74410,-723795,-6053055,motion
74418,-8355840,-8355840,motion
74426,-8224148,-526589,motion
74434,-8289952,-8355840,motion
74442,-8355840,-8355840,motion
74450,-723855,-6776629,motion
74458,-8355840,-8355840,motion
74466,-8026654,-658078,motion
74474,-8355840,-8355840,motion
74482,-8355840,-8355840,motion
74490,-723885,-7039879,motion
74498,-8355840,-8355840,motion
74506,-7500375,-723780,motion
74514,-8355840,-8355840,motion
74522,-8355840,-8355840,motion
74530,-723881,-8026745,motion
74538,-8355840,-8355840,motion
74546,-6908223,-789738,motion
74554,-8355840,-8355840,motion
74562,-8355840,-8355840,motion
74570,-658073,-8355658,motion
74578,-8355840,-8355840,motion
74586,-6382068,-855372,motion
74594,-8355840,-8355840,motion
74603,-8355840,-8224171,motion
74610,-658031,-8355840,motion
74619,-8355840,-8355840,motion
74627,-5723956,-789664,motion
74635,-8355840,-8355840,motion
74643,-8355840,-8092502,motion
74651,-658121,-8355840,motion
74659,-8355840,-8355840,motion
74667,-5394974,-789638,motion
74675,-8355840,-8355840,motion
74683,-8355840,-7631995,motion
74691,-723713,-8355840,motion
74699,-8355840,-8355840,motion
74707,-4868645,-789559,motion
74715,-8355840,-8355840,motion
74723,-8355840,-6710883,motion
74731,-987038,-8355840,motion
74739,-8355840,-8355840,motion
74747,-4144995,-723776,motion
74755,-8355840,-8355840,motion
74763,-8355840,-6250248,motion
74771,-1973963,-8355840,motion
74779,-8355840,-8355840,motion
74787,-3684539,-789515,motion
74795,-8355840,-8355840,motion
74803,-8355840,-5526532,motion
74811,-1710799,-8355840,motion
74819,-8355840,-8355840,motion
74827,-3092242,-921246,motion
74835,-8355840,-8355840,motion
74843,-8355840,-4473888,motion
74851,-2237000,-8355840,motion
74859,-8355840,-8355840,motion
74867,-2368722,-1579259,motion
74875,-8355840,-8355840,motion
74883,-8355840,-4079166,motion
74891,-2763456,-8355840,motion
74899,-8355840,-8355840,motion
74907,-1973945,-1513340,motion
74916,-8355840,-8355840,motion
74924,-8355840,-3421390,motion
74932,-3158076,-8355840,motion
74940,-8355840,-8355840,motion
74948,-1315872,-2237042,motion
74956,-8355840,-8355840,motion
74964,-8355840,-2763267,motion
74972,-3618571,-8355840,motion
74980,-8355840,-8355840,motion
74988,-855446,-2565955,motion
74996,-8355840,-8355840,motion
75004,-8355840,-2500346,motion
75012,-4079194,-8355840,motion
75020,-8355840,-8355840,motion
75028,-855339,-2631832,motion
75036,-8355840,-8355840,motion
75044,-8355840,-1973807,motion
75052,-4408192,-8355840,motion
75060,-8355840,-8355840,motion
75068,-723777,-3223867,motion
75076,-8355840,-8355840,motion
75084,-8355840,-1250181,motion
75092,-4934521,-8355840,motion
75100,-8355840,-8355840,motion
75108,-658042,-3750238,motion
75116,-8355840,-8355840,motion
75124,-8355840,-1052751,motion
75132,-5395186,-8355840,motion
75140,-8355840,-8355840,motion
75148,-592346,-4013402,motion
75156,-8355840,-8355840,motion
75164,-8355840,-921152,motion
75172,-5987136,-8355840,motion
75180,-8355840,-8355840,motion
75188,-592256,-4473983,motion
75196,-8355840,-8355840,motion
75204,-8289809,-855347,motion
75212,-6118803,-8355840,motion
75220,-8355840,-8355840,motion
75229,-592174,-5000397,motion
75237,-8355840,-8355840,motion
75245,-7961047,-789600,motion
75253,-6645089,-8355840,motion
75261,-8355840,-8355840,motion
75269,-592241,-5592347,motion
75277,-8355840,-8355840,motion
75285,-7631948,-789519,motion
75293,-6974088,-8355840,motion
75301,-8355840,-8355840,motion
75309,-526549,-5987263,motion
75317,-8355840,-8355840,motion
75325,-7303146,-723965,motion
75333,-8289995,-8355840,motion
75341,-8355840,-8355840,motion
75349,-526522,-6711008,motion
75357,-8355840,-8355840,motion
75365,-7237274,-789698,motion
75373,-8355743,-8355840,motion
75381,-8355840,-8355840,motion
75389,-592133,-6711008,motion
75397,-8355840,-8355840,motion
75405,-6973977,-855488,motion
75413,-8355840,-8355840,motion
75421,-8355840,-8355840,motion
75429,-592187,-7039964,motion
75437,-8355840,-8355840,motion
75445,-6645238,-855369,motion
75453,-8355840,-8355840,motion
75461,-8355840,-8290030,motion
75469,-592269,-8355658,motion
75477,-8355840,-8355840,motion
75485,-6250364,-789702,motion
75493,-8355840,-8355840,motion
75501,-8355840,-8289853,motion
75510,-657984,-8355786,motion
75517,-8355840,-8355840,motion
75525,-6052978,-855440,motion
75534,-8355840,-8355840,motion
75542,-8355840,-8092448,motion
75550,-592296,-8355840,motion
75558,-8355840,-8355840,motion
75566,-5724114,-855305,motion
75574,-8355840,-8355840,motion
75582,-8355840,-7829276,motion
75590,-658124,-8355840,motion
75598,-8355840,-8355840,motion
75606,-5460970,-789745,motion
75614,-8355840,-8355840,motion
75622,-8355840,-7763603,motion
75630,-986963,-8355840,motion
75638,-8355840,-8355840,motion
75646,-5329287,-789645,motion
75654,-8355840,-8355840,motion
75662,-8355840,-7566134,motion
75670,-1513298,-8355840,motion
75678,-8355840,-8355840,motion
75686,-4934589,-789704,motion
75694,-8355840,-8355840,motion
75702,-8355840,-7171569,motion
75710,-2039754,-8355840,motion
75718,-8355840,-8355840,motion
75726,-4473990,-1118567,motion
75734,-8355840,-8355840,motion
75742,-8355840,-7105605,motion
75750,-2566041,-8355840,motion
75758,-8355840,-8355840,motion
75766,-4210877,-1381743,motion
75774,-8355840,-8355840,motion
75782,-8355840,-6908294,motion
75790,-3026578,-8355840,motion
75798,-8355840,-8355840,motion
75806,-3816125,-1842253,motion
75814,-8355840,-8355840,motion
75822,-8355840,-6645235,motion
75830,-3421368,-8355840,motion
75838,-8355840,-8355840,motion
75847,-3289746,-2566126,motion
75855,-8355840,-8355840,motion
75863,-8355840,-6579238,motion
75871,-3947739,-8355840,motion
75879,-8355840,-8355840,motion
75887,-3026604,-2697495,motion
75895,-8355840,-8355840,motion
75903,-8355840,-6381849,motion
75911,-4210691,-8355840,motion
75919,-8355840,-8355840,motion
75927,-2500289,-3289658,motion
75935,-8355840,-8355840,motion
75943,-8355840,-5855624,motion
75951,-4605608,-8355840,motion
75959,-8355840,-8355840,motion
75967,-1973920,-3815987,motion
75975,-8355840,-8355840,motion
75983,-8355840,-5592350,motion
75991,-5066230,-8355840,motion
75999,-8355840,-8355840,motion
76007,-1184421,-4013402,motion
76015,-8355840,-8355840,motion
76023,-8355840,-5000309,motion
76031,-5592432,-8355840,motion
76039,-8355840,-8355840,motion
76047,-1250074,-4539774,motion
76055,-8355840,-8355840,motion
76063,-8355840,-4276600,motion
76071,-5855724,-8355840,motion
76079,-8355840,-8355840,motion
76087,-921090,-5066018,motion
76095,-8355840,-8355840,motion
76103,-8355840,-3881958,motion
76111,-6316176,-8355840,motion
76119,-8355840,-8355840,motion
76127,-855485,-5329352,motion
76136,-8355840,-8355840,motion
76143,-8355840,-1316027,motion
76152,-6973960,-8355840,motion
76160,-8355840,-8355840,motion
76168,-855383,-5855681,motion
76176,-8355840,-8355840,motion
76184,-8355840,-921218,motion
76192,-6908339,-8355840,motion
76200,-8355840,-8355840,motion
76208,-789663,-6184679,motion
76216,-8355840,-8355840,motion
76224,-8355840,-921136,motion
76232,-8224076,-8355840,motion
76240,-8355840,-8355840,motion
76248,-723762,-6316261,motion
76256,-8355840,-8355840,motion
76264,-8092445,-855454,motion
76272,-8355658,-8355840,motion
76280,-8355840,-8355840,motion
76288,-658059,-6645175,motion
76296,-8355840,-8355840,motion
76304,-7697689,-855356,motion
76312,-8355828,-8355840,motion
76320,-8355840,-8355840,motion
76328,-658028,-6842420,motion
76336,-8355840,-8355840,motion
76344,-6974074,-855309,motion
76352,-8355840,-8355840,motion
76360,-8355840,-8355840,motion
76368,-592300,-7302958,motion
76376,-8355840,-8355840,motion
76384,-6447674,-789600,motion
76392,-8355840,-8355840,motion
76400,-8355840,-8289812,motion
76408,-526507,-8289910,motion
76416,-8355840,-8355840,motion
76424,-5855729,-789611,motion
76432,-8355840,-8355840,motion
76440,-8355840,-8026785,motion
76449,-526387,-8355840,motion
76457,-8355840,-8355840,motion
76465,-5329327,-723862,motion
76473,-8355840,-8355840,motion
76481,-8355840,-7302920,motion
76489,-460783,-8355840,motion
76497,-8355840,-8355840,motion
76505,-4671343,-592334,motion
76513,-8355840,-8355840,motion
76521,-8355840,-6250344,motion
76529,-460762,-8355840,motion
76537,-8355840,-8355840,motion
76545,-4013378,-592217,motion
76553,-8355840,-8355840,motion
76561,-8355840,-5789741,motion
76569,-658003,-8355840,motion
76577,-8355840,-8355840,motion
76585,-3487118,-526382,motion
76593,-8355840,-8355840,motion
76601,-8355840,-4934585,motion
76609,-855503,-8355840,motion
76617,-8355840,-8355840,motion
76625,-2763481,-460799,motion
76633,-8355840,-8355840,motion
76641,-8355840,-4079228,motion
76649,-1447592,-8355840,motion
76657,-8355840,-8355840,motion
76665,-2105541,-526449,motion
76673,-8355840,-8355840,motion
76681,-8355840,-3750338,motion
76689,-1973921,-8355840,motion
76697,-8355840,-8355840,motion
76705,-1973803,-592196,motion
76713,-8355840,-8355840,motion
76721,-8355840,-3355640,motion
76729,-2302961,-8355840,motion
76737,-8355840,-8355840,motion
76745,-1316002,-1052802,motion
76753,-8355840,-8355840,motion
76762,-8355840,-2829244,motion
76770,-2894954,-8355840,motion
76778,-8355840,-8355840,motion
76786,-855541,-1645050,motion
76794,-8355840,-8355840,motion
76802,-8355840,-2763313,motion
76810,-3486989,-8355840,motion
76818,-8355840,-8355840,motion
76826,-855391,-1973835,motion
76834,-8355840,-8355840,motion
76842,-8355840,-2237163,motion
76850,-3816072,-8355840,motion
76858,-8355840,-8355840,motion
76866,-723908,-2500122,motion
76874,-8355840,-8355840,motion
76882,-8355840,-1645031,motion
76890,-4210903,-8355840,motion
76898,-8355840,-8355840,motion
76906,-723899,-3158118,motion
76914,-8355840,-8355840,motion
76922,-8355840,-1644857,motion
76930,-4868814,-8355840,motion
76938,-8355840,-8355840,motion
76946,-723877,-3750366,motion
76954,-8355840,-8355840,motion
76962,-8355840,-1315951,motion
76970,-5394973,-8355840,motion
76978,-8355840,-8355840,motion
76986,-723733,-4342443,motion
76994,-8355840,-8355840,motion
77002,-8355840,-1118534,motion
77010,-5724099,-8355840,motion
77018,-8355840,-8355840,motion
77026,-723736,-4737275,motion
77034,-8355840,-8355840,motion
77042,-8355840,-1118659,motion
77051,-6184679,-8355840,motion
77058,-8355840,-8355840,motion
77066,-789555,-5263604,motion
77075,-8355840,-8355840,motion
77083,-8355840,-921284,motion
77091,-6447801,-8355840,motion
77099,-8355840,-8355840,motion
77107,-855361,-5789805,motion
77115,-8355840,-8355840,motion
77123,-8355840,-921149,motion
77131,-7171333,-8355840,motion
77139,-8355840,-8355840,motion
77147,-789747,-6316134,motion
77155,-8355840,-8355840,motion
77163,-8355840,-921142,motion
77171,-8290037,-8355840,motion
77179,-8355840,-8355840,motion
77187,-789710,-6645004,motion
77195,-8355840,-8355840,motion
77203,-8355783,-855457,motion
77211,-8355743,-8355840,motion
77219,-8355840,-8355840,motion
77227,-789601,-6776757,motion
77235,-8355840,-8355840,motion
77243,-8224028,-855459,motion
77251,-8355840,-8355840,motion
77259,-8355840,-8355840,motion
77267,-1250215,-7237209,motion
77275,-8355840,-8355840,motion
77283,-7829447,-921289,motion
77291,-8355840,-8355840,motion
77299,-8355840,-8355840,motion
77307,-723926,-8290037,motion
77315,-8355840,-8355840,motion
77323,-7434514,-921188,motion
77331,-8355840,-8355840,motion
77339,-8355840,-8355840,motion
77347,-723945,-8355840,motion
77355,-8355840,-8355840,motion
77363,-6908239,-855536,motion
77371,-8355840,-8355840,motion
77380,-8355840,-8355840,motion
77388,-723870,-8355840,motion
77396,-8355840,-8355840,motion
77404,-6447655,-921142,motion
77412,-8355840,-8355840,motion
77420,-8355840,-8289948,motion
77428,-723915,-8355840,motion
77436,-8355840,-8355840,motion
77444,-5855603,-855400,motion
77452,-8355840,-8355840,motion
77460,-8355840,-8158324,motion
77468,-1052717,-8355840,motion
77476,-8355840,-8355840,motion
77484,-5526562,-855437,motion
77492,-8355840,-8355840,motion
77500,-8355840,-7829280,motion
77508,-1316094,-8355840,motion
77516,-8355840,-8355840,motion
77524,-5000265,-789660,motion
77532,-8355840,-8355840,motion
77540,-8355840,-7368836,motion
77548,-1842211,-8355840,motion
77556,-8355840,-8355840,motion
77564,-4473922,-987040,motion
77572,-8355840,-8355840,motion
77580,-8355840,-7171461,motion
77588,-2302961,-8355840,motion
77596,-8355840,-8355840,motion
77604,-4145021,-1184380,motion
77612,-8355840,-8355840,motion
77620,-8355840,-6710908,motion
77628,-2565998,-8355840,motion
77636,-8355840,-8355840,motion
77644,-3618600,-1645007,motion
77652,-8355840,-8355840,motion
77660,-8355840,-6381925,motion
77668,-3223867,-8355840,motion
77676,-8355840,-8355840,motion
77685,-2960709,-2237127,motion
77693,-8355840,-8355840,motion
77701,-8355840,-6052868,motion
77709,-3815944,-8355840,motion
77717,-8355840,-8355840,motion
77725,-2566050,-2302749,motion
77733,-8355840,-8355840,motion
77741,-8355840,-4276489,motion
77749,-4013317,-8355840,motion
77757,-8355840,-8355840,motion
77765,-1842268,-2697708,motion
77773,-8355840,-8355840,motion
77781,-8355840,-3355579,motion
77789,-4342401,-8355840,motion
77797,-8355840,-8355840,motion
77805,-921113,-3421325,motion
77813,-8355840,-8355840,motion
77821,-8355840,-2960774,motion
77829,-4868857,-8355840,motion
77837,-8355840,-8355840,motion
77845,-855409,-3552822,motion
77853,-8355840,-8355840,motion
77861,-8355840,-2171196,motion
77869,-4934648,-8355840,motion
77877,-8355840,-8355840,motion
77885,-855456,-3947739,motion
77893,-8355840,-8355840,motion
77901,-8355840,-1381840,motion
77909,-5592474,-8355840,motion
77917,-8355840,-8355840,motion
77925,-723751,-4671271,motion
77933,-8355840,-8355840,motion
77941,-8355840,-1118657,motion
77949,-5921515,-8355840,motion
77957,-8355840,-8355840,motion
77965,-723715,-4671441,motion
77973,-8355840,-8355840,motion
77981,-8355840,-921309,motion
77989,-6184594,-8355840,motion
77998,-8355840,-8355840,motion
78006,-723724,-5197600,motion
78014,-8355840,-8355840,motion
78022,-8355747,-855406,motion
78030,-6645089,-8355840,motion
78038,-8355840,-8355840,motion
78046,-657997,-5723971,motion
78054,-8355840,-8355840,motion
78062,-8092452,-855459,motion
78070,-7105755,-8355840,motion
78078,-8355840,-8355840,motion
78086,-526569,-5789848,motion
78094,-8355840,-8355840,motion
78102,-7434712,-789525,motion
78110,-7500501,-8355840,motion
78118,-8355840,-8355840,motion
78126,-526492,-6513550,motion
78134,-8355840,-8355840,motion
78142,-6908282,-723816,motion
78150,-8355658,-8355840,motion
78158,-8355840,-8355840,motion
78166,-526383,-6842378,motion
78174,-8355840,-8355840,motion
78182,-6447696,-723847,motion
78190,-8355840,-8355840,motion
78198,-8355840,-8224242,motion
78206,-460746,-7368834,motion
78214,-8355840,-8355840,motion
78222,-6052882,-658035,motion
78230,-8355840,-8355840,motion
78238,-8355840,-7697830,motion
78246,-460740,-7434710,motion
78254,-8355840,-8355840,motion
78262,-5460798,-592366,motion
78270,-8355840,-8355840,motion
78278,-8355840,-7105582,motion
78286,-460630,-8290037,motion
78294,-8355840,-8355840,motion
78303,-4934402,-592295,motion
78311,-8355840,-8355840,motion
78319,-8355840,-6710972,motion
78327,-460639,-8355840,motion
78335,-8355840,-8355840,motion
78343,-4671238,-592285,motion
78351,-8355840,-8355840,motion
78359,-8355840,-6382019,motion
78367,-526364,-8355840,motion
78375,-8355840,-8355840,motion
78383,-4342305,-658068,motion
78391,-8355840,-8355840,motion
78399,-8355840,-5789911,motion
78407,-526559,-8355840,motion
78415,-8355840,-8355840,motion
78423,-3881906,-592286,motion
78431,-8355840,-8355840,motion
78439,-8355840,-5723929,motion
78447,-1052717,-8355840,motion
78455,-8355840,-8355840,motion
78463,-3684434,-658072,motion
78471,-8355840,-8355840,motion
78479,-8355840,-5329274,motion
78487,-1381758,-8355840,motion
78495,-8355840,-8355840,motion
78503,-3421286,-723907,motion
78511,-8355840,-8355840,motion
78519,-8355840,-5131861,motion
78527,-2105460,-8355840,motion
78535,-8355840,-8355840,motion
78543,-3092436,-1052877,motion
78551,-8355840,-8355840,motion
78559,-8355840,-5131828,motion
78567,-2697708,-8355840,motion
78575,-8355840,-8355840,motion
78583,-3026545,-1579046,motion
78592,-8355840,-8355840,motion
78599,-8355840,-4737260,motion
78608,-2894869,-8355840,motion
78616,-8355840,-8355840,motion
78624,-2763412,-2039797,motion
78632,-8355840,-8355840,motion
78640,-8355840,-4276700,motion
78648,-3552865,-8355840,motion
78656,-8355840,-8355840,motion
78664,-2302938,-2631874,motion
78672,-8355840,-8355840,motion
78680,-8355840,-4210848,motion
78688,-4145070,-8355840,motion
78696,-8355840,-8355840,motion
78704,-2171360,-2763456,motion
78712,-8355840,-8355840,motion
78720,-8355840,-5395048,motion
78728,-4408107,-8355840,motion
78736,-8355840,-8355840,motion
78744,-921228,-3289658,motion
78752,-8355840,-8355840,motion
78760,-8355840,-4868646,motion
78768,-4934478,-8355840,motion
78776,-8355840,-8355840,motion
78784,-1315937,-4013317,motion
78792,-8355840,-8355840,motion
78800,-8355840,-4605668,motion
78808,-5460807,-8355840,motion
78816,-8355840,-8355840,motion
78824,-1118665,-4408149,motion
78832,-8355840,-8355840,motion
78840,-8355840,-2368760,motion
78848,-5658223,-8355840,motion
78856,-8355840,-8355840,motion
78864,-921162,-4737275,motion
78872,-8355840,-8355840,motion
78880,-8355840,-1710638,motion
78888,-6052927,-8355840,motion
78896,-8355840,-8355840,motion
78905,-855389,-5460935,motion
78912,-8355840,-8355840,motion
78921,-8355840,-1447531,motion
78929,-6579383,-8355840,motion
78937,-8355840,-8355840,motion
78945,-855460,-5658180,motion
78953,-8355840,-8355840,motion
78961,-8355840,-1052860,motion
78969,-6842463,-8355840,motion
78977,-8355840,-8355840,motion
78985,-855416,-6184594,motion
78993,-8355840,-8355840,motion
79001,-8355840,-921146,motion
79009,-8092494,-8355840,motion
79017,-8355840,-8355840,motion
79025,-789533,-6579256,motion
79033,-8355840,-8355840,motion
79041,-8355818,-855435,motion
79049,-8355828,-8355840,motion
79057,-8355840,-8355840,motion
79065,-789601,-6908381,motion
79073,-8355840,-8355840,motion
79081,-8092588,-855449,motion
79089,-8355840,-8355840,motion
79097,-8355840,-8355840,motion
79105,-789670,-6908169,motion
79113,-8355840,-8355840,motion
79121,-7632007,-855477,motion
79129,-8355840,-8355840,motion
79137,-8355840,-8355840,motion
79145,-723841,-7434625,motion
79153,-8355840,-8355840,motion
79161,-7105715,-855343,motion
79169,-8355840,-8355840,motion
79177,-8355840,-8355840,motion
79185,-658135,-8289995,motion
79193,-8355840,-8355840,motion
79201,-6579310,-855411,motion
79209,-8355840,-8355840,motion
79218,-8355840,-8355809,rest
79226,-592380,-8355828,rest
79234,-8355840,-8355840,rest
79242,-6053052,-855342,rest
79250,-8355840,-8355840,rest
79258,-8355840,-8092518,rest
79266,-658027,-8355840,rest
79274,-8355840,-8355840,rest
79282,-5329365,-789747,rest
79290,-8355840,-8355840,rest
79298,-8355840,-7829265,rest
79306,-723730,-8355840,rest
79314,-8355840,-8355840,rest
79322,-4934528,-789665,rest
79330,-8355840,-8355840,rest
79338,-8355840,-6974040,rest
79346,-855324,-8355840,rest
79354,-8355840,-8355840,rest
79362,-4276610,-723967,rest
79370,-8355840,-8355840,rest
79378,-8355840,-6250428,rest
79386,-1381801,-8355840,rest
79394,-8355840,-8355840,rest
79402,-3750201,-723881,rest
79410,-8355840,-8355840,rest
79418,-8355840,-5658350,rest
79426,-1908002,-8355840,rest
79434,-8355840,-8355840,rest
79442,-3223845,-789579,rest
79450,-8355840,-8355840,rest
79458,-8355840,-4802889,rest
79466,-2171209,-8355840,rest
79474,-8355840,-8355840,rest
79482,-2697533,-921228,rest
79490,-8355840,-8355840,rest
79498,-8355840,-4013448,rest
79506,-2500334,-8355840,rest
79514,-8355840,-8355840,rest
79523,-2039599,-1513255,rest
79531,-8355840,-8355840,rest
79539,-8355840,-3618762,rest
79547,-3092412,-8355840,rest
79555,-8355840,-8355840,rest
79563,-1513270,-1710714,rest
79571,-8355840,-8355840,rest
79579,-8355840,-3092310,rest
79587,-3421325,-8355840,rest
79595,-8355840,-8355840,rest
79603,-921131,-2237042,rest
79611,-8355840,-8355840,rest
79619,-8355840,-2368688,rest
79627,-3881778,-8355840,rest
79635,-8355840,-8355840,rest
79643,-789575,-2697708,rest
79651,-8355840,-8355840,rest
79659,-8355840,-2105448,rest
79667,-4408192,-8355840,rest
79675,-8355840,-8355840,rest
79683,-723909,-3026493,rest
79691,-8355840,-8355840,rest
79699,-8355840,-1513402,rest
79707,-4737232,-8355840,rest
79715,-8355840,-8355840,rest
79723,-658146,-3487159,rest
79731,-8355840,-8355840,rest
79739,-8355840,-987117,rest
79747,-5460764,-8355840,rest
79755,-8355840,-8355840,rest
79763,-657932,-4145112,rest
79771,-8355840,-8355840,rest
79779,-8355840,-921244,rest
79787,-5789933,-8355840,rest
79795,-8355840,-8355840,rest
79803,-592332,-4408277,rest
79811,-8355840,-8355840,rest
79819,-8355806,-855518,rest
79827,-6316049,-8355840,rest
79836,-8355840,-8355840,rest
79844,-592218,-5066230,rest
79852,-8355840,-8355840,rest
79860,-8026838,-789709,rest
79868,-6579298,-8355840,rest
79876,-8355840,-8355840,rest
79884,-592318,-5658180,rest
79892,-8355840,-8355840,rest
79900,-7895071,-789673,rest
79908,-7237124,-8355840,rest
79916,-8355840,-8355840,rest
79924,-592268,-5921387,rest
79932,-8355840,-8355840,rest
79940,-7631892,-789676,rest
79948,-7368749,-8355840,rest
79956,-8355840,-8355840,rest
79964,-592144,-6382053,rest
79972,-8355840,-8355840,rest
79980,-7303105,-855459,rest
79988,-8355658,-8355840,rest
79996,-8355840,-8355840,rest
80004,-592380,-6711008,rest
80012,-8355840,-8355840,rest
80020,-7171508,-855482,rest
80028,-8355840,-8355840,rest
80036,-8355840,-8355840,rest
80044,-657967,-7171333,rest
80052,-8355840,-8355840,rest
80060,-6908306,-855333,rest
80068,-8355840,-8355840,rest
80076,-8355840,-8355840,rest
80084,-658071,-8289910,rest
80092,-8355840,-8355840,rest
80100,-6710892,-855345,rest
80108,-8355840,-8355840,rest
80116,-8355840,-8355840,rest
80125,-658094,-8355828,rest
80132,-8355840,-8355840,rest
80141,-6381918,-855361,rest
80149,-8355840,-8355840,rest
80157,-8355840,-8355756,rest
80165,-658167,-8355840,rest
80173,-8355840,-8355840,rest
80181,-6052877,-855345,rest
80189,-8355840,-8355840,rest
80197,-8355840,-8224152,rest
80205,-723735,-8355840,rest
80213,-8355840,-8355840,rest
80221,-5789931,-855450,rest
80229,-8355840,-8355840,rest
80237,-8355840,-7961066,rest
80245,-789706,-8355840,rest
80253,-8355840,-8355840,rest
80261,-5395155,-789695,rest
80269,-8355840,-8355840,rest
80277,-8355840,-7697721,rest
80285,-1315882,-8355840,rest
80293,-8355840,-8355840,rest
80301,-5000221,-789742,rest
80309,-8355840,-8355840,rest
80317,-8355840,-7566317,rest
80325,-1842253,-8355840,rest
80333,-8355840,-8355840,rest
80341,-4671431,-855394,rest
80349,-8355840,-8355840,rest
80357,-8355840,-7368771,rest
80365,-2171294,-8355840,rest
80373,-8355840,-8355840,rest
80381,-4210772,-1184288,rest
80389,-8355840,-8355840,rest
80397,-8355840,-6908357,rest
80405,-2566041,-8355840,rest
80413,-8355840,-8355840,rest
80421,-3684442,-1710714,rest
80429,-8355840,-8355840,rest
80437,-8355840,-6645160,rest
80446,-3092327,-8355840,rest
80454,-8355840,-8355840,rest
80462,-3223969,-1973835,rest
80470,-8355840,-8355840,rest
80478,-8355840,-6118905,rest
80486,-3355619,-8355840,rest
80494,-8355840,-8355840,rest
80502,-2631761,-2368582,rest
80510,-8355840,-8355840,rest
80518,-8355840,-5724077,rest
80526,-3947569,-8355840,rest
80534,-8355840,-8355840,rest
80542,-1908111,-2960787,rest
80550,-8355840,-8355840,rest
80558,-8355840,-3816073,rest
80566,-4408149,-8355840,rest
80574,-8355840,-8355840,rest
80582,-921191,-3092454,rest
80590,-8355840,-8355840,rest
80598,-8355840,-3158060,rest
80606,-4605522,-8355840,rest
80614,-8355840,-8355840,rest
80622,-921155,-3552780,rest
80630,-8355840,-8355840,rest
80638,-8355840,-2368687,rest
80646,-5197728,-8355840,rest
80654,-8355840,-8355840,rest
80662,-921111,-4276609,rest
80670,-8355840,-8355840,rest
80678,-8355840,-1776526,rest
80686,-5724099,-8355840,rest
80694,-8355840,-8355840,rest
80702,-723841,-4342358,rest
80710,-8355840,-8355840,rest
80718,-8355840,-1118529,rest
80726,-5921345,-8355840,rest
80734,-8355840,-8355840,rest
80742,-723957,-4802853,rest
80750,-8355840,-8355840,rest
80759,-8355840,-921179,rest
80767,-6316091,-8355840,rest
80775,-8355840,-8355840,rest
80783,-658023,-5592389,rest
80791,-8355840,-8355840,rest
80799,-8355840,-921207,rest
80807,-6776672,-8355840,rest
80815,-8355840,-8355840,rest
80823,-592383,-5592347,rest
80831,-8355840,-8355840,rest
80839,-8026730,-855300,rest
80847,-7237167,-8355840,rest
80855,-8355840,-8355840,rest
80863,-592211,-6053012,rest
80871,-8355840,-8355840,rest
80879,-7434699,-789688,rest
80887,-8289952,-8355840,rest
80895,-8355840,-8355840,rest
80903,-526481,-6513635,rest
80911,-8355840,-8355840,rest
80919,-7105645,-723856,rest
80927,-8355786,-8355840,rest
80935,-8355840,-8355840,rest
80943,-526509,-6776799,rest
80951,-8355840,-8355840,rest
80959,-6513588,-789574,rest
80967,-8355840,-8355840,rest
80975,-8355840,-8224254,rest
80983,-526422,-7171461,rest
80991,-8355840,-8355840,rest
80999,-5987155,-658112,rest
81007,-8355840,-8355840,rest
81015,-8355840,-8026820,rest
81023,-460776,-8289995,rest
81031,-8355840,-8355840,rest
81039,-5592384,-723756,rest
81048,-8355840,-8355840,rest
81055,-8355840,-7237207,rest
81063,-460654,-8355658,rest
81072,-8355840,-8355840,rest
81080,-4934512,-592289,rest
81088,-8355840,-8355840,rest
81096,-8355840,-6513497,rest
81104,-460599,-8355840,rest
81112,-8355840,-8355840,rest
81120,-4342438,-592253,rest
81128,-8355840,-8355840,rest
81136,-8355840,-6118659,rest
81144,-526346,-8355840,rest
81152,-8355840,-8355840,rest
81160,-3947711,-592186,rest
81168,-8355840,-8355840,rest
81176,-8355840,-5460910,rest
81184,-592255,-8355840,rest
81192,-8355840,-8355840,rest
81200,-3487055,-526381,rest
81208,-8355840,-8355840,rest
81216,-8355840,-4868679,rest
81224,-921211,-8355840,rest
81232,-8355840,-8355840,rest
81240,-3092375,-526506,rest
81248,-8355840,-8355840,rest
81256,-8355840,-4802939,rest
81264,-1513425,-8355840,rest
81272,-8355840,-8355840,rest
81280,-2829062,-592273,rest
81288,-8355840,-8355840,rest
81296,-8355840,-4408238,rest
81304,-1908002,-8355840,rest
81312,-8355840,-8355840,rest
81320,-2566064,-789726,rest
81328,-8355840,-8355840,rest
81336,-8355840,-4079285,rest
81344,-2500122,-8355840,rest
81352,-8355840,-8355840,rest
81361,-2237091,-1381886,rest
81368,-8355840,-8355840,rest
81377,-8355840,-3947680,rest
81385,-3026493,-8355840,rest
81393,-8355840,-8355840,rest
81401,-2039634,-1710714,rest
81409,-8355840,-8355840,rest
81417,-8355840,-3618605,rest
81425,-3289743,-8355840,rest
81433,-8355840,-8355840,rest
81441,-1644858,-2237127,rest
81449,-8355840,-8355840,rest
81457,-8355840,-3092265,rest
81465,-3881778,-8355840,rest
81473,-8355840,-8355840,rest
81481,-855543,-3026493,rest
81489,-8355840,-8355840,rest
81497,-8355840,-2894924,rest
81505,-4408234,-8355840,rest
81513,-8355840,-8355840,rest
81521,-855435,-3223994,rest
81529,-8355840,-8355840,rest
81537,-8355840,-2500287,rest
81545,-4737190,-8355840,rest
81553,-8355840,-8355840,rest
81561,-855447,-3684489,rest
81569,-8355840,-8355840,rest
81577,-8355840,-2105436,rest
81585,-5329267,-8355840,rest
81593,-8355840,-8355840,rest
81601,-789702,-4210818,rest
81609,-8355840,-8355840,rest
81617,-8355840,-1842348,rest
81625,-5724099,-8355840,rest
81633,-8355840,-8355840,rest
81641,-855449,-4408149,rest
81649,-8355840,-8355840,rest
81657,-8355840,-1381660,rest
81665,-6184594,-8355840,rest
81674,-8355840,-8355840,rest
81682,-789683,-5197600,rest
81690,-8355840,-8355840,rest
81698,-8355840,-1052744,rest
81706,-6579213,-8355840,rest
81714,-8355840,-8355840,rest
81722,-855478,-5724014,rest
81730,-8355840,-8355840,rest
81738,-8355840,-986965,rest
81746,-7105712,-8355840,rest
81754,-8355840,-8355840,rest
81762,-855320,-6118803,rest
81770,-8355840,-8355840,rest
81778,-8355840,-921237,rest
81786,-7434625,-8355840,rest
81794,-8355840,-8355840,rest
81802,-789661,-6447631,rest
81810,-8355840,-8355840,rest
81818,-8224152,-855490,rest
81826,-8355786,-8355840,rest
81834,-8355840,-8355840,rest
81842,-789514,-6908339,rest
81850,-8355840,-8355840,rest
81858,-7763618,-855460,rest
81866,-8355840,-8355840,rest
81874,-8355840,-8355840,rest
81882,-723777,-7302958,rest
81890,-8355840,-8355840,rest
81898,-7237204,-855338,rest
81906,-8355840,-8355840,rest
81914,-8355840,-8355840,rest
81922,-657982,-8289910,rest
81930,-8355840,-8355840,rest
81938,-6513627,-789740,rest
81946,-8355840,-8355840,rest
81954,-8355840,-8355840,rest
81963,-592301,-8355616,rest
81970,-8355840,-8355840,rest
81979,-5921525,-789715,rest
81987,-8355840,-8355840,rest
81995,-8355840,-8158339,rest
82003,-526565,-8355840,rest
82011,-8355840,-8355840,rest
82019,-5460855,-789518,rest
82027,-8355840,-8355840,rest
82035,-8355840,-7566128,rest
82043,-526405,-8355840,rest
82051,-8355840,-8355840,rest
82059,-4868795,-723910,rest
82067,-8355840,-8355840,rest
82075,-8355840,-6710995,rest
82083,-592144,-8355840,rest
82091,-8355840,-8355840,rest
82099,-4210721,-657948,rest
82107,-8355840,-8355840,rest
82115,-8355840,-6184593,rest
82123,-789701,-8355840,rest
82131,-8355840,-8355840,rest
82139,-3750338,-592379,rest
82147,-8355840,-8355840,rest
82155,-8355840,-5526651,rest
82163,-1184427,-8355840,rest
82171,-8355840,-8355840,rest
82179,-3355406,-657940,rest
82187,-8355840,-8355840,rest
82195,-8355840,-4802981,rest
82203,-1645050,-8355840,rest
82211,-8355840,-8355840,rest
82219,-2697624,-658034,rest
82227,-8355840,-8355840,rest
82235,-8355840,-4473867,rest
82243,-2237042,-8355840,rest
82251,-8355840,-8355840,rest
82259,-2368566,-855428,rest
82267,-8355840,-8355840,rest
82275,-8355840,-3881739,rest
82283,-2500292,-8355840,rest
82292,-8355840,-8355840,rest
82300,-1710743,-1316094,rest
82308,-8355840,-8355840,rest
82316,-8355840,-3026590,rest
82324,-3158033,-8355840,rest
82332,-8355840,-8355840,rest
82340,-921226,-1842423,rest
82348,-8355840,-8355840,rest
82356,-8355840,-2697633,rest
82364,-3618656,-8355840,rest
82372,-8355840,-8355840,rest
82380,-789737,-2105588,rest
82388,-8355840,-8355840,rest
82396,-8355840,-2171261,rest
82404,-3881863,-8355840,rest
82412,-8355840,-8355840,rest
82420,-723950,-2697538,rest
82428,-8355840,-8355840,rest
82436,-8355840,-1381728,rest
82444,-4342486,-8355840,rest
82452,-8355840,-8355840,rest
82460,-723751,-3223824,rest
82468,-8355840,-8355840,rest
82476,-8355840,-1184482,rest
82484,-5000397,-8355840,rest
82492,-8355840,-8355840,rest
82500,-657983,-3552822,rest
82508,-8355840,-8355840,rest
82516,-8355840,-921139,rest
82524,-5329182,-8355840,rest
82532,-8355840,-8355840,rest
82540,-592320,-4013317,rest
82548,-8355840,-8355840,rest
82556,-8355840,-789726,rest
82564,-5724056,-8355840,rest
82572,-8355840,-8355840,rest
82581,-592288,-4539901,rest
82588,-8355840,-8355840,rest
82596,-8289931,-855371,rest
82605,-6250300,-8355840,rest
82613,-8355840,-8355840,rest
82621,-592190,-4934478,rest
82629,-8355840,-8355840,rest
82637,-7895204,-789603,rest
82645,-6513507,-8355840,rest
82653,-8355840,-8355840,rest
82661,-592200,-5592517,rest
82669,-8355840,-8355840,rest
82677,-7434497,-723798,rest
82685,-6974130,-8355840,rest
82693,-8355840,-8355840,rest
82701,-526424,-6053097,rest
82709,-8355840,-8355840,rest
82717,-7237181,-723812,rest
82725,-8158285,-8355840,rest
82733,-8355840,-8355840,rest
82741,-526412,-6316091,rest
82749,-8355840,-8355840,rest
82757,-6908179,-658176,rest
82765,-8289952,-8355840,rest
82773,-8355840,-8355785,rest
82781,-526405,-6579426,rest
82789,-8355840,-8355840,rest
82797,-6513523,-789581,rest
82805,-8355840,-8355840,rest
82813,-8355840,-8355586,rest
82821,-526455,-7171418,rest
82829,-8355840,-8355840,rest
82837,-6184525,-723932,rest
82845,-8355840,-8355840,rest
82853,-8355840,-8224062,rest
82861,-526456,-8289952,rest
82869,-8355840,-8355840,rest
82877,-6053011,-789659,rest
82885,-8355840,-8355840,rest
82893,-8355840,-8092482,rest
82901,-526461,-8355658,rest
82910,-8355840,-8355840,rest
82918,-5723967,-789681,rest
82926,-8355840,-8355840,rest
82934,-8355840,-7763579,rest
82942,-592251,-8355840,rest
82950,-8355840,-8355840,rest
82958,-5395007,-789656,rest
82966,-8355840,-8355840,rest
82974,-8355840,-7697811,rest
82982,-658173,-8355840,rest
82990,-8355840,-8355840,rest
82998,-5263469,-855354,rest
83006,-8355840,-8355840,rest
83014,-8355840,-7500464,rest
83022,-921132,-8355840,rest
83030,-8355840,-8355840,rest
83038,-4934556,-789640,rest
83046,-8355840,-8355840,rest
83054,-8355840,-6974143,rest
83062,-1184500,-8355840,rest
83070,-8355840,-8355840,rest
83078,-4539890,-789629,rest
83086,-8355840,-8355840,rest
83094,-8355840,-7105595,rest
83102,-1776547,-8355840,rest
83110,-8355840,-8355840,rest
83118,-4276714,-855384,rest
83126,-8355840,-8355840,rest
83134,-8355840,-6776796,rest
83142,-2236957,-8355840,rest
83150,-8355840,-8355840,rest
83158,-3881731,-1052868,rest
83166,-8355840,-8355840,rest
83174,-8355840,-6447670,rest
83182,-2566083,-8355840,rest
83190,-8355840,-8355840,rest
83199,-3355590,-1710756,rest
83206,-8355840,-8355840,rest
83214,-8355840,-6250481,rest
83223,-3092327,-8355840,rest
83231,-8355840,-8355840,rest
83239,-3026656,-1973878,rest
83247,-8355840,-8355840,rest
83255,-8355840,-5987160,rest
83263,-3487116,-8355840,rest
83271,-8355840,-8355840,rest
83279,-2565953,-2368540,rest
83287,-8355840,-8355840,rest
83295,-8355840,-5724105,rest
83303,-3881820,-8355840,rest
83311,-8355840,-8355840,rest
83319,-2105382,-3092369,rest
83327,-8355840,-8355840,rest
83335,-8355840,-5460768,rest
83343,-4408234,-8355840,rest
83351,-8355840,-8355840,rest
83359,-921276,-3289658,rest
83367,-8355840,-8355840,rest
83375,-8355840,-3223877,rest
83383,-4737147,-8355840,rest
83391,-8355840,-8355840,rest
83399,-855550,-3618783,rest
83407,-8355840,-8355840,rest
83415,-8355840,-2368671,rest
83423,-5329267,-8355840,rest
83431,-8355840,-8355840,rest
83439,-855401,-4210861,rest
83447,-8355840,-8355840,rest
83455,-8355840,-1908110,rest
83463,-5789763,-8355840,rest
83471,-8355840,-8355840,rest
83479,-789658,-4408234,rest
83487,-8355840,-8355840,rest
83495,-8355840,-1118532,rest
83503,-5921472,-8355840,rest
83512,-8355840,-8355840,rest
83519,-789537,-5066230,rest
83528,-8355840,-8355840,rest
83536,-8355840,-921154,rest
83544,-6382053,-8355840,rest
83552,-8355840,-8355840,rest
83560,-723863,-5592389,rest
83568,-8355840,-8355840,rest
83576,-8355840,-921254,rest
83584,-6908381,-8355840,rest
83592,-8355840,-8355840,rest
83600,-723803,-5789848,rest
83608,-8355840,-8355840,rest
83616,-8158239,-855429,rest
83624,-7237124,-8355840,rest
83632,-8355840,-8355840,rest
83640,-592270,-6447674,rest
83648,-8355840,-8355840,rest
83656,-7500473,-789581,rest
83664,-8224034,-8355840,rest
83672,-8355840,-8355840,rest
83680,-526538,-6645132,rest
83688,-8355840,-8355840,rest
83696,-7039750,-789652,rest
83704,-8355786,-8355840,rest
83712,-8355840,-8355840,rest
83720,-526362,-6776757,rest
83728,-8355840,-8355840,rest
83736,-6316272,-658079,rest
83744,-8355840,-8355840,rest
83752,-8355840,-8092629,rest
83760,-460695,-7237167,rest
83768,-8355840,-8355840,rest
83776,-5724081,-657992,rest
83784,-8355840,-8355840,rest
83792,-8355840,-7763663,rest
83800,-460559,-8289995,rest
83808,-8355840,-8355840,rest
83816,-5329284,-657936,rest
83825,-8355840,-8355840,rest
83833,-8355840,-7171335,rest
83841,-394991,-8355701,rest
83849,-8355840,-8355840,rest
83857,-4802845,-592185,rest
83865,-8355840,-8355840,rest
83873,-8355840,-6381997,rest
83881,-460598,-8355840,rest
83889,-8355840,-8355840,rest
83897,-4210794,-592150,rest
83905,-8355840,-8355840,rest
83913,-8355840,-6053099,rest
83921,-460700,-8355840,rest
83929,-8355840,-8355840,rest
83937,-3816185,-526529,rest
83945,-8355840,-8355840,rest
83953,-8355840,-5526568,rest
83961,-723940,-8355840,rest
83969,-8355840,-8355840,rest
83977,-3421236,-526470,rest
83985,-8355840,-8355840,rest
83993,-8355840,-4737233,rest
84001,-1052802,-8355840,rest
84009,-8355840,-8355840,rest
84017,-2763370,-526340,rest
84025,-8355840,-8355840,rest
84033,-8355840,-4474098,rest
84041,-1579174,-8355840,rest
84049,-8355840,-8355840,rest
84057,-2500291,-592166,rest
84065,-8355840,-8355840,rest
84073,-8355840,-3947709,rest
84081,-2039669,-8355840,rest
84089,-8355840,-8355840,rest
84097,-1973990,-723962,rest
84105,-8355840,-8355840,rest
84113,-8355840,-3355627,rest
84121,-2500249,-8355840,rest
84129,-8355840,-8355840,rest
84138,-1513363,-1381758,rest
84146,-8355840,-8355840,rest
84154,-8355840,-3289679,rest
84162,-2960872,-8355840,rest
84170,-8355840,-8355840,rest
84178,-1250254,-1447549,rest
84186,-8355840,-8355840,rest
84194,-8355840,-2829177,rest
84202,-3421368,-8355840,rest
84210,-8355840,-8355840,rest
84218,-855503,-1974006,rest
84226,-8355840,-8355840,rest
84234,-8355840,-2368680,rest
84242,-3881735,-8355840,rest
84250,-8355840,-8355840,rest
84258,-789706,-2763371,rest
84266,-8355840,-8355840,rest
84274,-8355840,-2237037,rest
84282,-4473983,-8355840,rest
84290,-8355840,-8355840,rest
84298,-855301,-3158076,rest
84306,-8355840,-8355840,rest
84314,-8355840,-1842374,rest
84322,-4802853,-8355840,rest
84330,-8355840,-8355840,rest
84338,-789550,-3750238,rest
84346,-8355840,-8355840,rest
84354,-8355840,-1381659,rest
84362,-5329352,-8355840,rest
84370,-8355840,-8355840,rest
84378,-723876,-4276482,rest
84386,-8355840,-8355840,rest
84394,-8355840,-1315857,rest
84402,-5789763,-8355840,rest
84410,-8355840,-8355840,rest
84418,-789663,-4474110,rest
84427,-8355840,-8355840,rest
84434,-8355840,-1052893,rest
84442,-6053097,-8355840,rest
84451,-8355840,-8355840,rest
84459,-789542,-5066103,rest
84467,-8355840,-8355840,rest
84475,-8355840,-921118,rest
84483,-6579341,-8355840,rest
84491,-8355840,-8355840,rest
84499,-789660,-5658223,rest
84507,-8355840,-8355840,rest
84515,-8355840,-921293,rest
84523,-7105712,-8355840,rest
84531,-8355840,-8355840,rest
84539,-723915,-6052969,rest
84547,-8355840,-8355840,rest
84555,-8290032,-855466,rest
84563,-8224161,-8355840,rest
84571,-8355840,-8355840,rest
84579,-723854,-6513592,rest
84587,-8355840,-8355840,rest
84595,-8026872,-855482,rest
84603,-8355828,-8355840,rest
84611,-8355840,-8355840,rest
84619,-723904,-6842420,rest
84627,-8355840,-8355840,rest
84635,-7697775,-855526,rest
84643,-8355840,-8355840,rest
84651,-8355840,-8355840,rest
84659,-723905,-7368834,rest
84667,-8355840,-8355840,rest
84675,-7302955,-789755,rest
84683,-8355840,-8355840,rest
84691,-8355840,-8355840,rest
84699,-723812,-8355616,rest
84707,-8355840,-8355840,rest
84715,-6842417,-855403,rest
84723,-8355840,-8355840,rest
84731,-8355840,-8355840,rest
84740,-658078,-8355828,rest
84747,-8355840,-8355840,rest
84756,-6381828,-855385,rest
84764,-8355840,-8355840,rest
84772,-8355840,-8355802,rest
84780,-658010,-8355840,rest
84788,-8355840,-8355840,rest
84796,-5855653,-855310,rest
84804,-8355840,-8355840,rest
84812,-8355840,-8092634,rest
84820,-658122,-8355840,rest
84828,-8355840,-8355840,rest
84836,-5526701,-855344,rest
84844,-8355840,-8355840,rest
84852,-8355840,-7763635,rest
84860,-987024,-8355840,rest
84868,-8355840,-8355840,rest
84876,-5066128,-789561,rest
84884,-8355840,-8355840,rest
84892,-8355840,-7303127,rest
84900,-1184427,-8355840,rest
84908,-8355840,-8355840,rest
84916,-4539746,-789529,rest
84924,-8355840,-8355840,rest
84932,-8355840,-7105614,rest
84940,-1776547,-8355840,rest
84948,-8355840,-8355840,rest
84956,-4013539,-789537,rest
84964,-8355840,-8355840,rest
84972,-8355840,-5921292,rest
84980,-1973921,-8355840,rest
84988,-8355840,-8355840,rest
84996,-3355548,-921185,rest
85004,-8355840,-8355840,rest
85012,-8355840,-5066117,rest
85020,-2434501,-8355840,rest
85028,-8355840,-8355840,rest
85037,-2763451,-1513425,rest
85044,-8355840,-8355840,rest
85052,-8355840,-4605531,rest
85061,-2960872,-8355840,rest
85069,-8355840,-8355840,rest
85077,-2237037,-1710756,rest
85085,-8355840,-8355840,rest
85093,-8355840,-3750295,rest
85101,-3289658,-8355840,rest
85109,-8355840,-8355840,rest
